accuracy,precision_macro,recall_macro,f1_macro,precision_weighted,recall_weighted,f1_weighted,memory_usage,memory_usage_std,memory_usage_single,memory_usage_single_std,inference_time,inference_time_std,inference_time_single,inference_time_single_std,num_samples,num_classes,model_memory_usage,Car_precision,Car_recall,Car_f1,Pedestrian_precision,Pedestrian_recall,Pedestrian_f1,Cyclist_precision,Cyclist_recall,Cyclist_f1
0.1831597222222222,0.3391337955050811,0.33564198511501514,0.16163108039940977,0.6729545648361266,0.1831597222222222,0.16124197960281417,0.6927259719251337,0.02786456599061734,0.26102883423578527,0.2168801817261332,0.5705367240676268,0.015065452343307105,0.21665807336091092,0.18203680952392629,2840,3,2.141506,0.8128342245989305,0.08278867102396514,0.15027187345526447,0.1488970588235294,0.7063953488372093,0.24595141700404857,0.05567010309278351,0.21774193548387097,0.08866995073891626
