accuracy,precision_macro,recall_macro,f1_macro,precision_weighted,recall_weighted,f1_weighted,memory_usage,memory_usage_std,memory_usage_single,memory_usage_single_std,inference_time,inference_time_std,inference_time_single,inference_time_single_std,num_samples,num_classes,model_memory_usage,Car_precision,Car_recall,Car_f1,Pedestrian_precision,Pedestrian_recall,Pedestrian_f1,Cyclist_precision,Cyclist_recall,Cyclist_f1
0.330374479889043,0.33708714713627225,0.3327147643564474,0.23525611737729257,0.7130723479772897,0.330374479889043,0.4314939972688591,0.6799226403743316,0.031650737851226886,0.2575379469613917,0.2158175155162511,0.0585712835112995,0.01175833452008469,0.02249508494754278,0.01976101020341273,3605,3,0.788801,0.8324110671936759,0.3502994011976048,0.4930929524701475,0.13870246085011187,0.13777777777777778,0.13823857302118173,0.040147913365029056,0.5100671140939598,0.07443682664054849
