accuracy,precision_macro,recall_macro,f1_macro,precision_weighted,recall_weighted,f1_weighted,memory_usage_mean_mb,memory_usage_std_mb,per_object_memory_usage_mean_mb,per_object_memory_usage_std_mb,inference_time_mean_sec,inference_time_std_sec,per_object_inference_time_mean_sec,per_object_inference_time_std_sec,num_samples,num_classes,model_memory_footprint_mb,car_precision,car_recall,car_f1,pedestrian_precision,pedestrian_recall,pedestrian_f1,cyclist_precision,cyclist_recall,cyclist_f1
0.9889786921381337,0.9644694152041278,0.9526528621935926,0.9581345354675904,0.9890026809227863,0.9889786921381337,0.9889121487169883,5.745859885755813,2.0298132779001135,2.2150659623308218,1.6227362050832577,0.019253210272899893,0.012260311393240632,0.005325645023605085,0.003242665191318584,3769,3,0.703297,0.9978221415607985,0.9961047196304013,0.9969626909651389,0.9540967423494571,0.9827147941026945,0.9681943400951666,0.9414893617021277,0.8791390728476821,0.9092465753424658
