accuracy,precision_macro,recall_macro,f1_macro,precision_weighted,recall_weighted,f1_weighted,memory_usage_mean_mb,memory_usage_std_mb,per_object_memory_usage_mean_mb,per_object_memory_usage_std_mb,inference_time_mean_sec,inference_time_std_sec,per_object_inference_time_mean_sec,per_object_inference_time_std_sec,num_samples,num_classes,model_memory_footprint_mb,car_precision,car_recall,car_f1,pedestrian_precision,pedestrian_recall,pedestrian_f1,cyclist_precision,cyclist_recall,cyclist_f1
0.8690055815013099,0.6355073895637332,0.6417633421961488,0.6385343532481484,0.8698279703688934,0.8690055815013099,0.8693736196727637,6.419792724860706,1.5154723369631964,2.4500110789404586,2.106476230316498,0.03449661176949226,0.006272567590185644,0.013208503168567934,0.011058320337666905,3769,3,47.14151859283447,0.9349877665152044,0.929787973583594,0.9323806204252353,0.6885798567214496,0.7166666666666667,0.7023425746830002,0.28295454545454546,0.2788353863381859,0.2808798646362098
