accuracy,precision_macro,recall_macro,f1_macro,precision_weighted,recall_weighted,f1_weighted,memory_usage_mean_mb,memory_usage_std_mb,per_object_memory_usage_mean_mb,per_object_memory_usage_std_mb,inference_time_mean_sec,inference_time_std_sec,per_object_inference_time_mean_sec,per_object_inference_time_std_sec,num_samples,num_classes,model_memory_footprint_mb,car_precision,car_recall,car_f1,pedestrian_precision,pedestrian_recall,pedestrian_f1,cyclist_precision,cyclist_recall,cyclist_f1
0.9941920305837377,0.966050729744734,0.9826864190349482,0.9739403207421579,0.9944752258516804,0.9941920305837377,0.9942693067188305,13.129559196568769,2.5277784589511145,0.931152955871456,4.75293846178983,0.09930038507610742,0.07159049581073584,0.02574906288027345,0.00593498403726875,3769,3,47.141510009765625,0.9999092476631273,0.998821503036896,0.9993650793650793,0.9906928645294726,0.9740721911540416,0.98231222763394,0.9075500770416025,0.9751655629139073,0.9401436552274541
