accuracy,precision_macro,recall_macro,f1_macro,precision_weighted,recall_weighted,f1_weighted,memory_usage_mean_mb,memory_usage_std_mb,per_object_memory_usage_mean_mb,per_object_memory_usage_std_mb,inference_time_mean_sec,inference_time_std_sec,per_object_inference_time_mean_sec,per_object_inference_time_std_sec,num_samples,num_classes,model_memory_footprint_mb,car_precision,car_recall,car_f1,pedestrian_precision,pedestrian_recall,pedestrian_f1,cyclist_precision,cyclist_recall,cyclist_f1
0.9321087435709038,0.8120732910811128,0.7457376584540135,0.7735484421345514,0.9303567738757729,0.9321087435709038,0.9286099585560406,6.167527254651162,0.7004588711902696,2.825384699283615,2.180123805320569,0.6124272471250489,0.44049309004329457,0.1588205714893524,0.008943178131869902,3769,3,0.614088,0.9524139724365086,0.9953800163058248,0.9734231041814316,0.9187374076561451,0.6954753431621759,0.7916666666666666,0.565068493150685,0.5463576158940397,0.5555555555555556
