accuracy,precision_macro,recall_macro,f1_macro,precision_weighted,recall_weighted,f1_weighted,memory_usage,memory_usage_std,memory_usage_single,memory_usage_single_std,inference_time,inference_time_std,inference_time_single,inference_time_single_std,num_samples,num_classes,model_memory_usage,Car_precision,Car_recall,Car_f1,Pedestrian_precision,Pedestrian_recall,Pedestrian_f1,Cyclist_precision,Cyclist_recall,Cyclist_f1
0.991107817710263,0.9725203226560245,0.9727159662597252,0.9724766293156657,0.9912579256762712,0.991107817710263,0.9911385945889921,0.6807853010279001,0.03226252522986186,0.30516834086990874,0.2297670702983447,0.009774020414870566,0.008233213134629675,0.0026123305889635476,0.0025100126046180018,2699,3,0.633625,0.998639455782313,0.994579945799458,0.9966055668703326,0.9559585492227979,0.9866310160427807,0.9710526315789474,0.9629629629629629,0.9369369369369369,0.9497716894977168
