accuracy,precision_macro,recall_macro,f1_macro,precision_weighted,recall_weighted,f1_weighted,memory_usage,memory_usage_std,memory_usage_single,memory_usage_single_std,inference_time,inference_time_std,inference_time_single,inference_time_single_std,num_samples,num_classes,model_memory_usage,Car_precision,Car_recall,Car_f1,Pedestrian_precision,Pedestrian_recall,Pedestrian_f1,Cyclist_precision,Cyclist_recall,Cyclist_f1
0.9733234531307892,0.908550288678042,0.871216114162073,0.888920663939612,0.9722385380606728,0.9733234531307892,0.9725961936550769,0.6808547033773862,0.03224374772796903,0.30519312612975824,0.2297847933582509,0.5029228304276208,0.37162029748393544,0.1271032938864262,0.0034473735315803293,2699,3,0.345771,0.9861668897813476,0.998193315266486,0.9921436588103255,0.9415041782729805,0.9037433155080213,0.922237380627558,0.797979797979798,0.7117117117117117,0.7523809523809524
