accuracy,precision_macro,recall_macro,f1_macro,precision_weighted,recall_weighted,f1_weighted,memory_usage_mean_mb,memory_usage_std_mb,gpu_memory_usage_mean_mb,gpu_memory_usage_std_mb,per_object_memory_usage_mean_mb,per_object_memory_usage_std_mb,per_object_gpu_memory_usage_mean_mb,per_object_gpu_memory_usage_std_mb,inference_time_mean_sec,inference_time_std_sec,per_object_inference_time_mean_sec,per_object_inference_time_std_sec,num_samples,num_classes,model_memory_footprint_mb,model_gpu_memory_footprint_mb,Car_precision,Car_recall,Car_f1,Pedestrian_precision,Pedestrian_recall,Pedestrian_f1,Cyclist_precision,Cyclist_recall,Cyclist_f1
0.9070536370315944,0.886624825416478,0.6418420494449812,0.720002800739635,0.9084251780135406,0.9070536370315944,0.894145476025224,6.166758214244187,0.7168667663402337,46.232122739577804,5.93876017426648,2.8262163636231,2.1897110178601324,21.87270218949693,16.415283932189848,0.5793938849554505,0.4244069017515623,0.14813011743701324,0.005612489125405581,3769,3,0.457005,35.73095703125,0.904243119266055,1.0,0.9497139415838602,0.9694244604316546,0.5480427046263345,0.7002273465410848,0.7862068965517242,0.37748344370860926,0.5100671140939598
