accuracy,precision_macro,recall_macro,f1_macro,precision_weighted,recall_weighted,f1_weighted,memory_usage_mean_mb,memory_usage_std_mb,gpu_memory_usage_mean_mb,gpu_memory_usage_std_mb,per_object_memory_usage_mean_mb,per_object_memory_usage_std_mb,per_object_gpu_memory_usage_mean_mb,per_object_gpu_memory_usage_std_mb,inference_time_mean_sec,inference_time_std_sec,per_object_inference_time_mean_sec,per_object_inference_time_std_sec,num_samples,num_classes,model_memory_footprint_mb,model_gpu_memory_footprint_mb,Car_precision,Car_recall,Car_f1,Pedestrian_precision,Pedestrian_recall,Pedestrian_f1,Cyclist_precision,Cyclist_recall,Cyclist_f1
0.9889786921381337,0.9644694152041278,0.9526528621935926,0.9581345354675904,0.9890026809227863,0.9889786921381337,0.9889121487169883,6.02189715494186,1.1994497248993894,35.013629770620526,2.480539945124683,2.69147270546822,2.1137817780590153,16.28079483448931,12.218576185007954,0.01118960935016011,0.008686621598467132,0.0029640892580140837,0.002851809487036445,3769,3,0.685727,25.95122368,0.9978221415607985,0.9961047196304013,0.9969626909651389,0.9540967423494571,0.9827147941026945,0.9681943400951666,0.9414893617021277,0.8791390728476821,0.9092465753424658
