accuracy,precision_macro,recall_macro,f1_macro,precision_weighted,recall_weighted,f1_weighted,memory_usage_mean_mb,memory_usage_std_mb,per_object_memory_usage_mean_mb,per_object_memory_usage_std_mb,inference_time_mean_sec,inference_time_std_sec,per_object_inference_time_mean_sec,per_object_inference_time_std_sec,num_samples,num_classes,model_memory_footprint_mb,car_precision,car_recall,car_f1,pedestrian_precision,pedestrian_recall,pedestrian_f1,cyclist_precision,cyclist_recall,cyclist_f1
0.9967411898446381,0.9861740527012605,0.9811474306202971,0.9836060152014534,0.9967337359063669,0.9967411898446381,0.9967287213598821,1.9010872637587823,0.19323902951742858,0.8246549666364269,0.535444853626633,1.030084393412503,0.7746540854393539,0.2657811315242065,0.020059843137877894,3769,3,46.42548084259033,0.9999070804683144,0.9995355749582018,0.999721293199554,0.9853326348873755,0.9941860465116279,0.98973954222573,0.9732824427480916,0.9497206703910615,0.9613572101790764
