accuracy,precision_macro,recall_macro,f1_macro,precision_weighted,recall_weighted,f1_weighted,memory_usage_mean_mb,memory_usage_std_mb,gpu_memory_usage_mean_mb,gpu_memory_usage_std_mb,per_object_memory_usage_mean_mb,per_object_memory_usage_std_mb,per_object_gpu_memory_usage_mean_mb,per_object_gpu_memory_usage_std_mb,inference_time_mean_sec,inference_time_std_sec,per_object_inference_time_mean_sec,per_object_inference_time_std_sec,num_samples,num_classes,model_memory_footprint_mb,model_gpu_memory_footprint_mb,Car_precision,Car_recall,Car_f1,Pedestrian_precision,Pedestrian_recall,Pedestrian_f1,Cyclist_precision,Cyclist_recall,Cyclist_f1
0.9941920305837377,0.966050729744734,0.9826864190349482,0.9739403207421579,0.9944752258516804,0.9941920305837377,0.9942693067188305,13.162537010758943,2.392772338367512,293.1777580892964,26.548875946999168,6.081510510950043,4.83411607686697,137.07657157677664,102.77217872833313,0.09719592688145351,0.0711217235210666,0.024953297149423976,0.006193842536309304,3769,3,47.14435958862305,29.51806640625,0.9999092476631273,0.998821503036896,0.9993650793650793,0.9906928645294726,0.9740721911540416,0.98231222763394,0.9075500770416025,0.9751655629139073,0.9401436552274541
