accuracy,precision_macro,recall_macro,f1_macro,precision_weighted,recall_weighted,f1_weighted,memory_usage_mean_mb,memory_usage_std_mb,gpu_memory_usage_mean_mb,gpu_memory_usage_std_mb,per_object_memory_usage_mean_mb,per_object_memory_usage_std_mb,per_object_gpu_memory_usage_mean_mb,per_object_gpu_memory_usage_std_mb,inference_time_mean_sec,inference_time_std_sec,per_object_inference_time_mean_sec,per_object_inference_time_std_sec,num_samples,num_classes,model_memory_footprint_mb,model_gpu_memory_footprint_mb,Car_precision,Car_recall,Car_f1,Pedestrian_precision,Pedestrian_recall,Pedestrian_f1,Cyclist_precision,Cyclist_recall,Cyclist_f1
0.9959115687462144,0.9809758151002282,0.9788034395243885,0.979873163796095,0.9959046953747593,0.9959115687462144,0.9959050421256854,1.9015580286885245,0.1952547433095193,425.47067902833976,111.33007300926911,0.8236928638964954,0.5361489871713645,212.97531506064834,157.65865836713922,1.0561721052721458,0.792600458306485,0.2723470374243255,0.0228407982148958,3769,3,46.42625617980957,45.05029296875,0.9999070545589739,0.9994425863991081,0.9996747665288296,0.9837611314824516,0.9899841855561413,0.9868628481345244,0.9592592592592593,0.946983546617916,0.953081876724931
