accuracy,precision_macro,recall_macro,f1_macro,precision_weighted,recall_weighted,f1_weighted,memory_usage_mean_mb,memory_usage_std_mb,per_object_memory_usage_mean_mb,per_object_memory_usage_std_mb,inference_time_mean_sec,inference_time_std_sec,per_object_inference_time_mean_sec,per_object_inference_time_std_sec,num_samples,num_classes,model_memory_footprint_mb,car_precision,car_recall,car_f1,pedestrian_precision,pedestrian_recall,pedestrian_f1,cyclist_precision,cyclist_recall,cyclist_f1
0.8927732289070843,0.634282858639507,0.6488107658158725,0.6401537481485677,0.8940371560081424,0.8927732289070843,0.8931034796715802,0.6881269053934571,0.03744368612249487,0.2790541669285589,0.214585009774965,0.2577119915667376,0.02530631375007798,0.10461533572050576,0.0823219704126467,3769,3,46.42548084259033,0.9496803802655303,0.9424969499796665,0.9460750295954606,0.5892282958199357,0.6780758556891767,0.6305376344086021,0.3639398998330551,0.32585949177877427,0.3438485804416404
